{
  "DbConfiguration": {
    "ApplicationName": "Svc.T360.TREX",
    "Hostname": "dev-360db-instance-1.cjvc53qgsvnx.us-east-1.rds.amazonaws.com",
    "Database": "trex",
    "Username": "dev_iam_trex",
    "SchemaName": "dbo",
    "Port": 5432,
    "UseTokenAuth": true,
    "SuccessRefreshIntervalInMinutes": 10,
    "FailureRefreshIntervalInSeconds": 5,
    "BulkSaveThreshold": 100,
    "ParameterThreshold": 500,
    "LogSqlStatements": true
  },
  "ApiConfiguration": {
    "LogApiOperations": true,
    "ElapsedMillisecondWarnThreshold": 1500
  },
  "SecurityConfiguration": {
    "ClientIdentifier": "Svc.T360.TREX",
    "ClientIdentifierRequestHeaderRequired": false,
    "ApiKeySecretsKey": "",
    "ApiKeyAuthEnabled": false
  }
}