{
  "QuestConfiguration": {
    "LogConfiguration": true,
    "LogRequestContent": true,
    "MultiInstanceClients": [
      {
        "Name": "GCTicketClient",
        "Instances": [
          {
            "Key": "CP",
            "BaseAddress": "http://dev-gcsvc1:7040"
          },
          {
            "Key": "CA",
            "BaseAddress": "http://dev-gcsvc1:9040"
          }
        ]
      },
      {
        "Name": "SFTSClient",
        "Instances": [
          {
            "Key": "{site-here}",
            "BaseAddress": "{base-address-here}"
          },
          {
            "Key": "{site-here}",
            "BaseAddress": "{base-address-here}"
          }
        ]
      }
    ]
  }
}